{
	"credit": "Made with Blockbench",
	"textures": {
		"0": "./panel",
		"1": "./powertop",
		"2": "./crafting",
		"particle": "./panel"
	},
	"elements": [
		{
			"from": [-0.25, 0, -0.25],
			"to": [16.25, 16, 16.25],
			"faces": {
				"north": {"uv": [0, 0, 16, 16], "texture": "#2"},
				"east": {"uv": [0, 0, 16, 16], "texture": "#2"},
				"south": {"uv": [0, 0, 16, 16], "texture": "#2"},
				"west": {"uv": [0, 0, 16, 16], "texture": "#2"},
				"up": {"uv": [16, 16, 0, 0], "texture": "#1"},
				"down": {"uv": [16, 16, 0, 32], "texture": "#missing"}
			}
		},
		{
			"from": [0, 16, 0],
			"to": [16, 32, 16],
			"faces": {
				"north": {"uv": [0, 0, 16, 16], "texture": "#0"},
				"east": {"uv": [0, 0, 16, 16], "texture": "#0"},
				"south": {"uv": [0, 0, 16, 16], "texture": "#0"},
				"west": {"uv": [0, 0, 16, 16], "texture": "#0"},
				"up": {"uv": [16, 16, 0, 0], "texture": "#1"},
				"down": {"uv": [16, 0, 0, 16], "texture": "#1"}
			}
		}
	],
	"display": {
		"thirdperson_righthand": {
			"rotation": [-9, 48, 50],
			"translation": [0.25, 0, 0.75],
			"scale": [0.1, 0.1, 0.1]
		},
		"thirdperson_lefthand": {
			"rotation": [-180, -106, -120],
			"translation": [-1.5, 0, 0],
			"scale": [0.16, 0.14, 0.12]
		},
		"firstperson_righthand": {
			"scale": [0.2, 0.23, 0.21]
		},
		"firstperson_lefthand": {
			"scale": [0.23, 0.22, 0.15]
		},
		"ground": {
			"scale": [0.3, 0.3, 0.3]
		},
		"gui": {
			"translation": [0, -4, 0],
			"scale": [0.5, 0.5, 1]
		},
		"head": {
			"translation": [0, -24, 0],
			"scale": [1.86, 1.92, 2.13]
		},
		"fixed": {
			"rotation": [-90, 0, 0],
			"translation": [0, 0, 50],
			"scale": [2.01, 2.09, 2.01]
		}
	}
}