{
	"credit": "Made with Blockbench",
	"texture_size": [64, 64],
	"textures": {
		"1": "./powertop",
		"2": "./crafting",
		"3": "./sidecon",
		"4": "./texture",
		"5": "./bar",
		"particle": "./panel"
	},
	"elements": [
		{
			"from": [-0.25, 0, -0.25],
			"to": [16.25, 16, 16.25],
			"faces": {
				"north": {"uv": [0, 0, 16, 16], "texture": "#2"},
				"east": {"uv": [0, 0, 16, 16], "texture": "#particle"},
				"south": {"uv": [0, 0, 16, 16], "texture": "#2"},
				"west": {"uv": [0, 0, 16, 16], "texture": "#particle"},
				"up": {"uv": [16, 16, 0, 0], "texture": "#1"},
				"down": {"uv": [16, 0, 0, 16], "texture": "#1"}
			}
		},
		{
			"from": [16, 0, 7],
			"to": [25, 15, 9],
			"faces": {
				"north": {"uv": [0, 0, 2.25, 3.75], "texture": "#3"},
				"east": {"uv": [5, 6, 5.5, 9.75], "texture": "#3"},
				"south": {"uv": [2.25, 0, 4.5, 3.75], "texture": "#3"},
				"west": {"uv": [5.5, 6, 6, 9.75], "texture": "#3"},
				"up": {"uv": [8.25, 6.5, 6, 6], "texture": "#3"},
				"down": {"uv": [8.25, 6.5, 6, 7], "texture": "#3"}
			}
		},
		{
			"from": [16, 12, 6],
			"to": [26, 13, 10],
			"faces": {
				"north": {"uv": [7, 0.25, 9.5, 0.5], "texture": "#3"},
				"east": {"uv": [3.5, 7, 4.5, 7.25], "texture": "#3"},
				"south": {"uv": [7, 0.5, 9.5, 0.75], "texture": "#3"},
				"west": {"uv": [6, 7, 7, 7.25], "texture": "#3"},
				"up": {"uv": [7, 3, 4.5, 2], "texture": "#3"},
				"down": {"uv": [2.5, 4.75, 0, 5.75], "texture": "#3"}
			}
		},
		{
			"from": [16, 9, 6],
			"to": [26, 10, 10],
			"faces": {
				"north": {"uv": [7, 0.25, 9.5, 0.5], "texture": "#3"},
				"east": {"uv": [3.5, 7, 4.5, 7.25], "texture": "#3"},
				"south": {"uv": [7, 0.5, 9.5, 0.75], "texture": "#3"},
				"west": {"uv": [6, 7, 7, 7.25], "texture": "#3"},
				"up": {"uv": [7, 3, 4.5, 2], "texture": "#3"},
				"down": {"uv": [2.5, 4.75, 0, 5.75], "texture": "#3"}
			}
		},
		{
			"from": [16, 2, 6],
			"to": [26, 3, 10],
			"faces": {
				"north": {"uv": [7, 0.25, 9.5, 0.5], "texture": "#3"},
				"east": {"uv": [3.5, 7, 4.5, 7.25], "texture": "#3"},
				"south": {"uv": [7, 0.5, 9.5, 0.75], "texture": "#3"},
				"west": {"uv": [6, 7, 7, 7.25], "texture": "#3"},
				"up": {"uv": [7, 3, 4.5, 2], "texture": "#3"},
				"down": {"uv": [2.5, 4.75, 0, 5.75], "texture": "#3"}
			}
		},
		{
			"from": [16, 5, 6],
			"to": [26, 6, 10],
			"faces": {
				"north": {"uv": [7, 0.25, 9.5, 0.5], "texture": "#3"},
				"east": {"uv": [3.5, 7, 4.5, 7.25], "texture": "#3"},
				"south": {"uv": [7, 0.5, 9.5, 0.75], "texture": "#3"},
				"west": {"uv": [6, 7, 7, 7.25], "texture": "#3"},
				"up": {"uv": [7, 3, 4.5, 2], "texture": "#3"},
				"down": {"uv": [2.5, 4.75, 0, 5.75], "texture": "#3"}
			}
		},
		{
			"from": [-9, 0, 7],
			"to": [0, 15, 9],
			"faces": {
				"north": {"uv": [0, 0, 2.25, 3.75], "texture": "#3"},
				"east": {"uv": [5, 6, 5.5, 9.75], "texture": "#3"},
				"south": {"uv": [2.25, 0, 4.5, 3.75], "texture": "#3"},
				"west": {"uv": [5.5, 6, 6, 9.75], "texture": "#3"},
				"up": {"uv": [8.25, 6.5, 6, 6], "texture": "#3"},
				"down": {"uv": [8.25, 6.5, 6, 7], "texture": "#3"}
			}
		},
		{
			"from": [-10, 12, 6],
			"to": [0, 13, 10],
			"faces": {
				"north": {"uv": [7, 0.25, 9.5, 0.5], "texture": "#3"},
				"east": {"uv": [3.5, 7, 4.5, 7.25], "texture": "#3"},
				"south": {"uv": [7, 0.5, 9.5, 0.75], "texture": "#3"},
				"west": {"uv": [6, 7, 7, 7.25], "texture": "#3"},
				"up": {"uv": [7, 3, 4.5, 2], "texture": "#3"},
				"down": {"uv": [2.5, 4.75, 0, 5.75], "texture": "#3"}
			}
		},
		{
			"from": [-10, 9, 6],
			"to": [0, 10, 10],
			"faces": {
				"north": {"uv": [7, 0.25, 9.5, 0.5], "texture": "#3"},
				"east": {"uv": [3.5, 7, 4.5, 7.25], "texture": "#3"},
				"south": {"uv": [7, 0.5, 9.5, 0.75], "texture": "#3"},
				"west": {"uv": [6, 7, 7, 7.25], "texture": "#3"},
				"up": {"uv": [7, 3, 4.5, 2], "texture": "#3"},
				"down": {"uv": [2.5, 4.75, 0, 5.75], "texture": "#3"}
			}
		},
		{
			"from": [-10, 2, 6],
			"to": [0, 3, 10],
			"faces": {
				"north": {"uv": [7, 0.25, 9.5, 0.5], "texture": "#3"},
				"east": {"uv": [3.5, 7, 4.5, 7.25], "texture": "#3"},
				"south": {"uv": [7, 0.5, 9.5, 0.75], "texture": "#3"},
				"west": {"uv": [6, 7, 7, 7.25], "texture": "#3"},
				"up": {"uv": [7, 3, 4.5, 2], "texture": "#3"},
				"down": {"uv": [2.5, 4.75, 0, 5.75], "texture": "#3"}
			}
		},
		{
			"from": [-10, 5, 6],
			"to": [0, 6, 10],
			"faces": {
				"north": {"uv": [7, 0.25, 9.5, 0.5], "texture": "#3"},
				"east": {"uv": [3.5, 7, 4.5, 7.25], "texture": "#3"},
				"south": {"uv": [7, 0.5, 9.5, 0.75], "texture": "#3"},
				"west": {"uv": [6, 7, 7, 7.25], "texture": "#3"},
				"up": {"uv": [7, 3, 4.5, 2], "texture": "#3"},
				"down": {"uv": [2.5, 4.75, 0, 5.75], "texture": "#3"}
			}
		},
		{
			"from": [6, 17, 6],
			"to": [10, 32, 10],
			"faces": {
				"north": {"uv": [5, 0, 7, 7.5], "texture": "#4"},
				"east": {"uv": [7, 0, 9, 7.5], "texture": "#4"},
				"south": {"uv": [5, 7.5, 7, 15], "texture": "#4"},
				"west": {"uv": [7, 7.5, 9, 15], "texture": "#4"},
				"up": {"uv": [11, 2, 9, 0], "texture": "#4"},
				"down": {"uv": [11, 2, 9, 4], "texture": "#4"}
			}
		},
		{
			"from": [3, 16, 3],
			"to": [13, 17, 13],
			"faces": {
				"north": {"uv": [9, 4, 14, 4.5], "texture": "#4"},
				"east": {"uv": [9, 4.5, 14, 5], "texture": "#4"},
				"south": {"uv": [9, 5, 14, 5.5], "texture": "#4"},
				"west": {"uv": [9, 5.5, 14, 6], "texture": "#4"},
				"up": {"uv": [5, 5, 0, 0], "texture": "#4"},
				"down": {"uv": [5, 5, 0, 10], "texture": "#4"}
			}
		},
		{
			"from": [-10, 15, 5],
			"to": [26, 18, 11],
			"faces": {
				"north": {"uv": [0, 3, 9, 3.75], "texture": "#5"},
				"east": {"uv": [0, 4.5, 1.5, 5.25], "texture": "#5"},
				"south": {"uv": [0, 3.75, 9, 4.5], "texture": "#5"},
				"west": {"uv": [1.5, 4.5, 3, 5.25], "texture": "#5"},
				"up": {"uv": [9, 1.5, 0, 0], "texture": "#5"},
				"down": {"uv": [9, 1.5, 0, 3], "texture": "#5"}
			}
		}
	],
	"display": {
		"thirdperson_righthand": {
			"rotation": [-9, 48, 50],
			"translation": [0.25, 0, 0.75],
			"scale": [0.1, 0.1, 0.1]
		},
		"thirdperson_lefthand": {
			"rotation": [-180, -106, -120],
			"translation": [-1.5, 0, 0],
			"scale": [0.16, 0.14, 0.12]
		},
		"firstperson_righthand": {
			"scale": [0.2, 0.23, 0.21]
		},
		"firstperson_lefthand": {
			"scale": [0.23, 0.22, 0.15]
		},
		"ground": {
			"scale": [0.3, 0.3, 0.3]
		},
		"gui": {
			"translation": [0, -4, 0],
			"scale": [0.5, 0.5, 1]
		},
		"head": {
			"translation": [0, -24, 0],
			"scale": [1.86, 1.92, 2.13]
		},
		"fixed": {
			"translation": [0, 0, 16],
			"scale": [2.01, 2.01, 2.01]
		}
	},
	"groups": [
		0,
		{
			"name": "group",
			"origin": [0, 0, 0],
			"color": 0,
			"children": [1, 2, 3, 4, 5]
		},
		{
			"name": "group",
			"origin": [0, 0, 0],
			"color": 0,
			"children": [6, 7, 8, 9, 10]
		},
		{
			"name": "group",
			"origin": [0, 0, 0],
			"color": 0,
			"children": [11, 12]
		},
		13
	]
}