{
	"credit": "Made with Blockbench",
	"texture_size": [64, 64],
	"textures": {
		"1": "./powertop",
		"2": "./crafting",
		"3": "./anviltop",
		"particle": "./panel"
	},
	"elements": [
		{
			"from": [-0.25, 0, -0.25],
			"to": [16.25, 16, 16.25],
			"faces": {
				"north": {"uv": [0, 0, 16, 16], "texture": "#2"},
				"east": {"uv": [0, 0, 16, 16], "texture": "#2"},
				"south": {"uv": [0, 0, 16, 16], "texture": "#2"},
				"west": {"uv": [0, 0, 16, 16], "texture": "#2"},
				"up": {"uv": [16, 16, 0, 0], "texture": "#1"},
				"down": {"uv": [16, 0, 0, 16], "texture": "#1"}
			}
		},
		{
			"from": [2, 16, 2],
			"to": [14, 20, 14],
			"faces": {
				"north": {"uv": [4, 8.5, 7, 9.5], "texture": "#3"},
				"east": {"uv": [7, 8.5, 10, 9.5], "texture": "#3"},
				"south": {"uv": [9, 6, 12, 7], "texture": "#3"},
				"west": {"uv": [9, 7, 12, 8], "texture": "#3"},
				"up": {"uv": [7, 3, 4, 0], "texture": "#3"},
				"down": {"uv": [7, 3, 4, 6], "texture": "#3"}
			}
		},
		{
			"from": [3, 20, 3],
			"to": [13, 21, 13],
			"faces": {
				"north": {"uv": [9, 8, 11.5, 8.25], "texture": "#3"},
				"east": {"uv": [9, 8.25, 11.5, 8.5], "texture": "#3"},
				"south": {"uv": [10, 8.5, 12.5, 8.75], "texture": "#3"},
				"west": {"uv": [10, 8.75, 12.5, 9], "texture": "#3"},
				"up": {"uv": [6.5, 8.5, 4, 6], "texture": "#3"},
				"down": {"uv": [9, 6, 6.5, 8.5], "texture": "#3"}
			}
		},
		{
			"from": [4, 21, 4],
			"to": [12, 26, 12],
			"faces": {
				"north": {"uv": [4, 9.5, 6, 10.75], "texture": "#3"},
				"east": {"uv": [6, 9.5, 8, 10.75], "texture": "#3"},
				"south": {"uv": [8, 9.5, 10, 10.75], "texture": "#3"},
				"west": {"uv": [0, 10, 2, 11.25], "texture": "#3"},
				"up": {"uv": [2, 10, 0, 8], "texture": "#3"},
				"down": {"uv": [4, 8, 2, 10], "texture": "#3"}
			}
		},
		{
			"from": [0, 26, 0],
			"to": [16, 32, 16],
			"faces": {
				"north": {"uv": [7, 0, 11, 1.5], "texture": "#3"},
				"east": {"uv": [7, 1.5, 11, 3], "texture": "#3"},
				"south": {"uv": [7, 3, 11, 4.5], "texture": "#3"},
				"west": {"uv": [7, 4.5, 11, 6], "texture": "#3"},
				"up": {"uv": [16, 16, 0, 0], "texture": "#1"},
				"down": {"uv": [4, 4, 0, 8], "texture": "#3"}
			}
		}
	],
	"display": {
		"thirdperson_righthand": {
			"rotation": [-9, 48, 50],
			"translation": [0.25, 0, 0.75],
			"scale": [0.1, 0.1, 0.1]
		},
		"thirdperson_lefthand": {
			"rotation": [-180, -106, -120],
			"translation": [-1.5, 0, 0],
			"scale": [0.16, 0.14, 0.12]
		},
		"firstperson_righthand": {
			"scale": [0.2, 0.23, 0.21]
		},
		"firstperson_lefthand": {
			"scale": [0.23, 0.22, 0.15]
		},
		"ground": {
			"scale": [0.3, 0.3, 0.3]
		},
		"gui": {
			"translation": [0, -4, 0],
			"scale": [0.5, 0.5, 1]
		},
		"head": {
			"translation": [0, -24, 0],
			"scale": [1.86, 1.92, 2.13]
		},
		"fixed": {
			"rotation": [-90, 0, 0],
			"translation": [0, 0, 48],
			"scale": [2.01, 2.01, 2.01]
		}
	},
	"groups": [
		0,
		{
			"name": "group",
			"origin": [0, 0, 0],
			"color": 0,
			"children": [1, 2, 3, 4]
		}
	]
}